"DESCRIPTION","DURATION IN MS","NAME","PARENT SUITE","START TIME","STATUS","STOP TIME","SUB SUITE","SUITE","TEST CLASS","TEST METHOD"
"","383","товар по id","api","2026-10-02","passed","2026-10-02","API: товары","api/products.spec.ts","",""
"","1920","добавление товара увеличивает счётчик корзины","ui-chromium","2026-10-02","passed","2026-10-02","Каталог","ui/inventory.spec.ts","",""
"","5671","добавленные товары видны в корзине","ui-firefox","2026-10-02","passed","2026-10-02","Корзина","ui/cart.spec.ts","",""
"","1556","показывает все 6 товаров с названием и ценой","ui-chromium","2026-10-02","passed","2026-10-02","Каталог","ui/inventory.spec.ts","",""
"","2199","выход возвращает на форму логина","ui-chromium","2026-10-02","passed","2026-10-02","Авторизация","ui/login.spec.ts","",""
"","3080","cancel возвращает в корзину","ui-firefox","2026-10-02","passed","2026-10-02","Оформление заказа","ui/checkout.spec.ts","",""
"","2378","пустой логин — ошибка Username is required","ui-webkit","2026-10-02","passed","2026-10-02","Авторизация","ui/login.spec.ts","",""
"","3707","без имени дальше не пускает","ui-firefox","2026-10-02","passed","2026-10-02","Оформление заказа","ui/checkout.spec.ts","",""
"","1075","заблокированный пользователь не входит","ui-chromium","2026-10-02","passed","2026-10-02","Авторизация","ui/login.spec.ts","",""
"","206","несуществующий id — 404 с сообщением","api","2026-10-02","passed","2026-10-02","API: товары","api/products.spec.ts","",""
"","2595","показывает все 6 товаров с названием и ценой","ui-firefox","2026-10-02","passed","2026-10-02","Каталог","ui/inventory.spec.ts","",""
"","2471","успешный вход стандартным пользователем","ui-firefox","2026-10-02","passed","2026-10-02","Авторизация","ui/login.spec.ts","",""
"","1728","сортировка по имени Z→A","ui-chromium","2026-10-02","passed","2026-10-02","Каталог","ui/inventory.spec.ts","",""
"","4052","cancel возвращает в корзину","ui-webkit","2026-10-02","passed","2026-10-02","Оформление заказа","ui/checkout.spec.ts","",""
"","7089","полный happy path: сумма = товары + налог","ui-firefox","2026-10-02","passed","2026-10-02","Оформление заказа","ui/checkout.spec.ts","",""
"","3056","выход возвращает на форму логина","ui-firefox","2026-10-02","passed","2026-10-02","Авторизация","ui/login.spec.ts","",""
"","1224","неверный пароль — понятная ошибка","ui-chromium","2026-10-02","passed","2026-10-02","Авторизация","ui/login.spec.ts","",""
"","2080","без имени дальше не пускает","ui-chromium","2026-10-02","passed","2026-10-02","Оформление заказа","ui/checkout.spec.ts","",""
"","2121","пустой пароль — ошибка Password is required","ui-firefox","2026-10-02","passed","2026-10-02","Авторизация","ui/login.spec.ts","",""
"","448","защищённый ресурс с токеном отдаёт текущего пользователя","api","2026-10-02","passed","2026-10-02","API: авторизация","api/auth.spec.ts","",""
"","8022","добавленные товары видны в корзине","ui-webkit","2026-10-02","passed","2026-10-02","Корзина","ui/cart.spec.ts","",""
"","3609","показывает все 6 товаров с названием и ценой","ui-webkit","2026-10-02","passed","2026-10-02","Каталог","ui/inventory.spec.ts","",""
"","600","неверный пароль — 400 и сообщение об ошибке","api","2026-10-02","passed","2026-10-02","API: авторизация","api/auth.spec.ts","",""
"","2134","пустой логин — ошибка Username is required","ui-firefox","2026-10-02","passed","2026-10-02","Авторизация","ui/login.spec.ts","",""
"","2318","добавленные товары видны в корзине","ui-chromium","2026-10-02","passed","2026-10-02","Корзина","ui/cart.spec.ts","",""
"","2102","пустой пароль — ошибка Password is required","ui-webkit","2026-10-02","passed","2026-10-02","Авторизация","ui/login.spec.ts","",""
"","3243","сортировка по имени Z→A","ui-webkit","2026-10-02","passed","2026-10-02","Каталог","ui/inventory.spec.ts","",""
"","8141","удаление в корзине обновляет список и счётчик","ui-webkit","2026-10-02","passed","2026-10-02","Корзина","ui/cart.spec.ts","",""
"","233","список товаров: пагинация и обязательные поля","api","2026-10-02","passed","2026-10-02","API: товары","api/products.spec.ts","",""
"","2402","удаление в корзине обновляет список и счётчик","ui-chromium","2026-10-02","passed","2026-10-02","Корзина","ui/cart.spec.ts","",""
"","224","создание товара возвращает id и присланные поля","api","2026-10-02","passed","2026-10-02","API: товары","api/products.spec.ts","",""
"","6092","удаление в корзине обновляет список и счётчик","ui-firefox","2026-10-02","passed","2026-10-02","Корзина","ui/cart.spec.ts","",""
"","1950","cancel возвращает в корзину","ui-chromium","2026-10-02","passed","2026-10-02","Оформление заказа","ui/checkout.spec.ts","",""
"","2692","удаление товара из каталога очищает счётчик","ui-firefox","2026-10-02","passed","2026-10-02","Каталог","ui/inventory.spec.ts","",""
"","2758","полный happy path: сумма = товары + налог","ui-chromium","2026-10-02","passed","2026-10-02","Оформление заказа","ui/checkout.spec.ts","",""
"","2714","сортировка по имени Z→A","ui-firefox","2026-10-02","passed","2026-10-02","Каталог","ui/inventory.spec.ts","",""
"","196","удаление товара помечает его isDeleted","api","2026-10-02","passed","2026-10-02","API: товары","api/products.spec.ts","",""
"","3435","удаление товара из каталога очищает счётчик","ui-webkit","2026-10-02","passed","2026-10-02","Каталог","ui/inventory.spec.ts","",""
"","3432","сортировка по цене: от дорогих к дешёвым","ui-webkit","2026-10-02","passed","2026-10-02","Каталог","ui/inventory.spec.ts","",""
"","718","обновление товара меняет только присланное поле","api","2026-10-02","passed","2026-10-02","API: товары","api/products.spec.ts","",""
"","551","защищённый ресурс без токена не отдаётся","api","2026-10-02","passed","2026-10-02","API: авторизация","api/auth.spec.ts","",""
"","7757","полный happy path: сумма = товары + налог","ui-webkit","2026-10-02","passed","2026-10-02","Оформление заказа","ui/checkout.spec.ts","",""
"","1487","сортировка по цене: от дорогих к дешёвым","ui-chromium","2026-10-02","passed","2026-10-02","Каталог","ui/inventory.spec.ts","",""
"","2131","continue shopping возвращает в каталог, корзина не теряется","ui-chromium","2026-10-02","passed","2026-10-02","Корзина","ui/cart.spec.ts","",""
"","2942","выход возвращает на форму логина","ui-webkit","2026-10-02","passed","2026-10-02","Авторизация","ui/login.spec.ts","",""
"","1724","удаление товара из каталога очищает счётчик","ui-chromium","2026-10-02","passed","2026-10-02","Каталог","ui/inventory.spec.ts","",""
"","2366","неверный пароль — понятная ошибка","ui-webkit","2026-10-02","passed","2026-10-02","Авторизация","ui/login.spec.ts","",""
"","229","поиск возвращает только релевантные товары","api","2026-10-02","passed","2026-10-02","API: товары","api/products.spec.ts","",""
"","3393","сортировка по цене: от дешёвых к дорогим","ui-webkit","2026-10-02","passed","2026-10-02","Каталог","ui/inventory.spec.ts","",""
"","2341","неверный пароль — понятная ошибка","ui-firefox","2026-10-02","passed","2026-10-02","Авторизация","ui/login.spec.ts","",""
"","3626","добавление товара увеличивает счётчик корзины","ui-webkit","2026-10-02","passed","2026-10-02","Каталог","ui/inventory.spec.ts","",""
"","1180","пустой логин — ошибка Username is required","ui-chromium","2026-10-02","passed","2026-10-02","Авторизация","ui/login.spec.ts","",""
"","3702","без индекса дальше не пускает","ui-firefox","2026-10-02","passed","2026-10-02","Оформление заказа","ui/checkout.spec.ts","",""
"","1998","заблокированный пользователь не входит","ui-firefox","2026-10-02","passed","2026-10-02","Авторизация","ui/login.spec.ts","",""
"","8303","continue shopping возвращает в каталог, корзина не теряется","ui-webkit","2026-10-02","passed","2026-10-02","Корзина","ui/cart.spec.ts","",""
"","1591","сортировка по цене: от дешёвых к дорогим","ui-chromium","2026-10-02","passed","2026-10-02","Каталог","ui/inventory.spec.ts","",""
"","3082","сортировка по цене: от дешёвых к дорогим","ui-firefox","2026-10-02","passed","2026-10-02","Каталог","ui/inventory.spec.ts","",""
"","2829","заблокированный пользователь не входит","ui-webkit","2026-10-02","passed","2026-10-02","Авторизация","ui/login.spec.ts","",""
"","2187","без индекса дальше не пускает","ui-chromium","2026-10-02","passed","2026-10-02","Оформление заказа","ui/checkout.spec.ts","",""
"","4139","без индекса дальше не пускает","ui-webkit","2026-10-02","passed","2026-10-02","Оформление заказа","ui/checkout.spec.ts","",""
"","1487","успешный вход стандартным пользователем","ui-chromium","2026-10-02","passed","2026-10-02","Авторизация","ui/login.spec.ts","",""
"","2806","успешный вход стандартным пользователем","ui-webkit","2026-10-02","passed","2026-10-02","Авторизация","ui/login.spec.ts","",""
"","2881","добавление товара увеличивает счётчик корзины","ui-firefox","2026-10-02","passed","2026-10-02","Каталог","ui/inventory.spec.ts","",""
"","721","логин с валидными кредами возвращает токен и профиль","api","2026-10-02","passed","2026-10-02","API: авторизация","api/auth.spec.ts","",""
"","2979","сортировка по цене: от дорогих к дешёвым","ui-firefox","2026-10-02","passed","2026-10-02","Каталог","ui/inventory.spec.ts","",""
"","6626","continue shopping возвращает в каталог, корзина не теряется","ui-firefox","2026-10-02","passed","2026-10-02","Корзина","ui/cart.spec.ts","",""
"","4389","без имени дальше не пускает","ui-webkit","2026-10-02","passed","2026-10-02","Оформление заказа","ui/checkout.spec.ts","",""
"","1101","пустой пароль — ошибка Password is required","ui-chromium","2026-10-02","passed","2026-10-02","Авторизация","ui/login.spec.ts","",""
